{
    "appKeys": {},
    "capabilities": [
        ""
    ],
    "companyName": "Edwin Finch",
    "longName": "BMOFace",
    "projectType": "native",
    "resources": {
        "media": [
            {
                "characterRegex": "[0-9, :]",
                "file": "fonts/impact.ttf",
                "name": "FONT_IMPACT_32",
                "type": "font"
            },
            {
                "file": "images/btdisc.png",
                "name": "IMAGE_BTDIS",
                "type": "png"
            },
            {
                "file": "images/random2.png",
                "name": "IMAGE_RANDOM_2",
                "type": "png"
            },
        ]
    },
    "shortName": "BMOFace",
    "uuid": "7590999d-6bd3-4270-bfbe-90fdfcc9922c",
    "versionCode": 1,
    "versionLabel": "1.0",
    "watchapp": {
        "watchface": true
    }
}
